{"cameraMode":{"drawMode":0,"name":"Shaded","section":"Shading Mode"},"sceneLighting":true,"audioPlay":false,"sceneViewState":{"showFog":true,"showMaterialUpdate":false,"showSkybox":true,"showFlares":true,"showImageEffects":true,"showParticleSystems":true},"in2DMode":false,"pivot":{"x":0.2741088569164276,"y":-0.0000025926156013156289,"z":0.6458179950714111},"rotation":{"x":-0.20309872925281526,"y":-0.7753783464431763,"z":0.30682989954948428,"w":-0.5132371783256531},"size":11.069901466369629,"orthographic":false}