{"cameraMode":{"drawMode":0,"name":"Shaded","section":"Shading Mode"},"sceneLighting":false,"audioPlay":false,"sceneViewState":{"showFog":true,"showMaterialUpdate":false,"showSkybox":false,"showFlares":true,"showImageEffects":true,"showParticleSystems":true},"in2DMode":false,"pivot":{"x":-0.10793685913085938,"y":-7.959880828857422,"z":-0.22880172729492188},"rotation":{"x":-0.17021417617797852,"y":0.7929925322532654,"z":-0.5255826115608215,"w":-0.25681743025779726},"size":37.45709228515625,"orthographic":false}