{"cameraMode":{"drawMode":0,"name":"Shaded","section":"Shading Mode"},"sceneLighting":false,"audioPlay":false,"sceneViewState":{"showFog":true,"showMaterialUpdate":false,"showSkybox":false,"showFlares":true,"showImageEffects":true,"showParticleSystems":true},"in2DMode":false,"pivot":{"x":0.7609959840774536,"y":0.8003110885620117,"z":0.4035702347755432},"rotation":{"x":-0.2821745276451111,"y":-0.686914324760437,"z":0.33385172486305239,"w":-0.5805838108062744},"size":7.3893022537231449,"orthographic":false}