{"cameraMode":{"drawMode":0,"name":"Shaded","section":"Shading Mode"},"sceneLighting":true,"audioPlay":false,"sceneViewState":{"showFog":true,"showMaterialUpdate":false,"showSkybox":true,"showFlares":true,"showImageEffects":true,"showParticleSystems":true},"in2DMode":false,"pivot":{"x":-0.06875781714916229,"y":0.5832771062850952,"z":-0.20542621612548829},"rotation":{"x":0.02998255379498005,"y":-0.029380830004811288,"z":0.0008817218476906419,"w":0.9991183876991272},"size":3.195692539215088,"orthographic":false}